{"cameraMode":{"drawMode":0,"name":"Shaded","section":"Shading Mode"},"sceneLighting":true,"audioPlay":false,"sceneViewState":{"m_AlwaysRefresh":false,"showFog":true,"showSkybox":true,"showFlares":true,"showImageEffects":true,"showParticleSystems":true,"showVisualEffectGraphs":true,"m_FxEnabled":true},"in2DMode":false,"pivot":{"x":669.8380126953125,"y":224.95364379882813,"z":52.756317138671878},"rotation":{"x":-0.01799885183572769,"y":-0.0024070097133517267,"z":0.00004304095637053251,"w":-0.9998389482498169},"size":177.56100463867188,"orthographic":false}