{"cameraMode":{"drawMode":0,"name":"Shaded","section":"Shading Mode"},"sceneLighting":false,"audioPlay":false,"sceneViewState":{"m_AlwaysRefresh":false,"showFog":true,"showSkybox":false,"showFlares":true,"showImageEffects":true,"showParticleSystems":true,"showVisualEffectGraphs":true,"m_FxEnabled":true},"in2DMode":false,"pivot":{"x":-0.37229660153388979,"y":1.9158921241760255,"z":-0.04455915093421936},"rotation":{"x":0.012255576439201832,"y":0.7212743163108826,"z":0.6924343109130859,"w":-0.012775527313351632},"size":1.7058501243591309,"orthographic":false}