{"cameraMode":{"drawMode":0,"name":"Shaded","section":"Shading Mode"},"sceneLighting":false,"audioPlay":false,"sceneViewState":{"m_AlwaysRefresh":false,"showFog":true,"showSkybox":false,"showFlares":true,"showImageEffects":true,"showParticleSystems":true,"showVisualEffectGraphs":true,"m_FxEnabled":true},"in2DMode":false,"pivot":{"x":-0.019599545747041704,"y":2.1289780139923097,"z":0.32736968994140627},"rotation":{"x":0.021323706954717637,"y":0.695685625076294,"z":0.717739462852478,"w":-0.020672643557190896},"size":2.576939821243286,"orthographic":false}